,Word
0,BEAR
1,BEAVER
2,BEE
3,BIRD
4,BUG
5,CHICKEN
6,DEER
7,DOLPHIN
8,DONKEY
9,EAGLE
10,FLY
11,GIRAFFE
12,GORILLA
13,GRASSHOPPER
14,HIPPO
15,KANGAROO
16,LADYBUG
17,LEOPARD
18,LIZARD
19,LLAMA
20,LOBSTER
21,MOOSE
22,MOSQUITO
23,MOUSE
24,OSTRICH
25,PANDA
26,PARROT
27,PEACOCK
28,PELICAN
29,PENGUIN
30,PORCUPINE
31,RABBIT
32,RACCOON
33,RHINOCEROS
34,ROOSTER
35,SCORPION
36,SEAHORSE
37,SHARK
38,SHEEP
39,SHELL
40,SKUNK
41,SWAN
42,TURTLE
43,UNICORN
44,WALRUS
45,WOLF
46,WORM
47,ANTLERS
48,ARM
49,CHEST
50,FEATHER
51,FINGER
52,HOOF
53,LEG
54,LIPS
55,NECK
56,PAW
57,SHOULDER
58,SKELETON
59,TAIL
60,TEAR
61,TEETH
62,THUMB
63,TOE
64,WING
65,ARTICHOKE
66,ASPARAGUS
67,BUTTER
68,CHEESE
69,CHERRY
70,COOKIE
71,CRACKERS
72,EGG
73,LEMON
74,LETTUCE
75,MUSHROOM
76,NUT
77,ONION
78,ORANGE
79,PEACH
80,PEANUT
81,PEAS
82,PIZZA
83,POPCORN
84,POPSICLE
85,POTATO
86,RADISH
87,SALT
88,SPAGHETTI
89,TOMATO
90,WAFFLE
91,WALNUT
92,WATERMELON
93,WHEAT
94,WINE
95,GRILL
96,BATHTUB
97,BRICKS
98,COUCH
99,CRIB
100,CURTAINS
101,DRAWER
102,DRESSER
103,FENCE
104,FISHTANK
105,FLOOR
106,HAMMOCK
107,HIGHCHAIR
108,LADDER
109,LAWNMOWER
110,MAILBOX
111,MIRROR
112,PILLAR
113,REFRIGERATOR
114,ROOF
115,RUG
116,SAFE
117,SHOWER
118,SINK
119,STAIRS
120,STOOL
121,STOVE
122,TOASTER
123,TRASHCAN
124,TV
125,VACUUM
126,ASHTRAY
127,BLOCK
128,BOTTLE
129,BOX
130,BUCKET
131,CAGE
132,CLOTHESPIN
133,CORK
134,CUP
135,DIME
136,DUSTPAN
137,FAUCET
138,FLAG
139,FUNNEL
140,GLOBE
141,HANGER
142,HOOK
143,JAR
144,LADLE
145,LIGHTBULB
146,LOCK
147,MATCH
148,MIXER
149,MOP
150,MOUSETRAP
151,NEEDLE
152,PAN
153,PAPER
154,PAPERCLIP
155,PICTURE
156,PIGGYBANK
157,PITCHER
158,PLATE
159,PLUG
160,POT
161,RADIO
162,RAZOR
163,SPATULA
164,SUITCASE
165,TAPE
166,TEAPOT
167,THERMOS
168,THIMBLE
169,THREAD
170,TOOTHBRUSH
171,TRASH
172,TWEEZERS
173,GAS
174,BALCONY
175,CAROUSEL
176,CASTLE
177,CITY
178,FOUNTAIN
179,GRAVE
180,IGLOO
181,LIGHTHOUSE
182,POOL
183,ROAD
184,STATUE
185,STOPLIGHT
186,TEEPEE
187,WINDMILL
188,ACCORDION
189,BANJO
190,FLUTE
191,MICROPHONE
192,MUSIC
193,PITCHFORK
194,TRUMPET
195,VIOLIN
196,ACORN
197,BRANCH
198,CACTUS
199,CLOUD
200,DESERT
201,FIRE
202,HAY
203,LIGHTNING
204,LOG
205,MOON
206,NEST
207,PINECONE
208,RAIN
209,RAINBOW
210,ROCK
211,ROSE
212,SMOKE
213,SPIDERWEB
214,WOOD
215,BOY
216,DENTIST
217,DOCTOR
218,GENIE
219,GIRL
220,KNIGHT
221,POLICEMAN
222,PRIEST
223,ROBOT
224,SNOWMAN
225,SOLDIER
226,WAITER
227,WITCH
228,WOMAN
229,GUN
230,LIPSTICK
231,PACKAGE
232,PRESENT
233,ANVIL
234,AX
235,CHAIN
236,CLAMP
237,DRILL
238,HINGE
239,HOE
240,JACK
241,PAINT
242,PAINTBRUSH
243,PLIERS
244,SCREW
245,SCREWDRIVER
246,SHOVEL
247,WRENCH
248,CORKSCREW
249,MAGNET
250,TELESCOPE
251,ARROW
252,BAG
253,BARREL
254,BOMB
255,DOLL
256,KNOT
257,NET
258,PUZZLE
259,SLINGSHOT
260,SWORD
261,TRIPOD
262,TROPHY
263,WHIP
264,YOYO
265,AIRPLANE
266,BICYCLE
267,BLIMP
268,BOAT
269,CANOE
270,FIRETRUCK
271,MOTORCYCLE
272,PARACHUTE
273,ROCKET
274,ROLLERSKATE
275,SAILBOAT
276,SEESAW
277,SKATEBOARD
278,SLED
279,SLIDE
280,STROLLER
281,SUBMARINE
282,SWING
283,TANK
284,TIRE
285,TRUCK
286,UNICYCLE
287,WHEEL
288,WHEELBARROW
289,WHEELCHAIR
290,BACKPACK
291,BADGE
292,BOW
293,BRA
294,BUTTON
295,COAT
296,DIAPER
297,DRESS
298,EARRING
299,GLASSES
300,HANDCUFFS
301,HAT
302,HEEL
303,HELMET
304,JACKET
305,MASK
306,MEDAL
307,PANTS
308,PURSE
309,SHIRT
310,SKIRT
311,SLIPPER
312,STOCKING
313,SWEATER
314,TIE
315,UMBRELLA
316,WALLET
317,WATCH
318,BARTENDER
319,MISTLETOE
320,JACKHAMMER
321,CHOPSTICKS
322,MOCCASINS
323,SALSA
324,CAMOUFLAGE
325,DARTBOARD
326,BRIDE
327,GRAVY
328,FOX
329,STAR
330,PINEAPPLE
331,ENVELOPE
332,LEMONADE
333,YAM
334,SUSHI
335,SQUASH
336,SCALLIONS
337,PLUMBER
338,BINDER
339,WAND
340,STAPLER
341,BATTERY
342,GARBAGE
343,PINWHEEL
344,KETTLE
345,JETSKI
346,COFFEE
347,MARACAS
348,POPE
349,HAIRDRESSER
350,NIGHTLIGHT
351,NURSERY
352,BARBELL
353,DANCER
354,NOTEBOOK
355,ESCALATOR
356,COUPON
357,WALKER
358,STABLE
359,FREEZER
360,GOWN
361,JERSEY
362,LAPTOP
363,MANGO
364,MALL
365,MEDICINE
366,HILL
367,HURRICANE
368,KEYCHAIN
369,COFFEEPOT
370,SLEIGH
371,CHECK
372,MENU
373,PARADE
374,GOALPOST
375,HUBCAP
376,SOAP
377,REFEREE
378,TRAY
379,TOAST
380,MILK
381,BLEACHERS
382,SODA
383,BEACH
384,ISLAND
385,STAMP
386,SNOWPLOW
387,FRAME
388,STICK
389,HORN
390,STADIUM
391,SANDBOX
392,PILLBOX
393,CLOWNFISH
394,BOOKENDS
395,COINS
396,TRAMPOLINE
397,IRON
398,HIGHWAY
399,YARN
400,BASKETBALL
401,MOBILE
402,TRIANGLE
403,LEOTARD
404,CLARINET
405,JANITOR
406,QUARTER
407,SANDAL
408,CUPCAKE
409,PODIUM
410,TULIP
411,SLING
412,HORSESHOE
413,TACO
414,FILTER
415,PONCHO
416,FIREWORKS
417,GURNEY
418,ORNAMENT
419,KEG
420,OLIVES
421,LOTION
422,LANTERN
423,LOLLIPOP
424,PROTRACTOR
425,CHALKBOARD
426,CROCKPOT
427,VOLLEYBALL
428,RAISINS
429,BANISTER
430,SNOWGLOBE
431,DEODORANT
432,CORAL
433,CROISSANT
434,CALCULATOR
435,CRANBERRIES
436,TROMBONE
437,CHART
438,VISOR
439,LICORICE
440,ERASER
441,CATERPILLAR
442,EYELASHES
443,COAL
444,REMOTE
445,JALAPENO
446,HEADBAND
447,FLOUR
448,BARN
449,ICECREAM
450,SUNFLOWER
451,GYMNAST
452,DOVE
453,DANDELION
454,BROWNIE
455,MUSTARD
456,TOOTHPASTE
457,FINGERNAIL
458,TISSUE
459,MEATLOAF
460,MAGAZINE
461,BASEBALL
462,BURRITO
463,BISON
464,JAGUAR
465,WOOL
466,HEDGEHOG
467,MARKERS
468,Ã©CLAIR
469,COMBINE
470,ZIPLINE
471,TRAIL
472,PUCK
473,STRAW
474,DOMINOES
475,MAILMAN
476,BOWTIE
477,HEADLIGHT
478,BLACKBERRY
479,SNOWMOBILE
480,WIPERS
481,ARTIST
482,ICICLES
483,CHEF
484,VEIL
485,RESTAURANT
486,PHARMACY
487,CHAMPAGNE
488,WREATH
489,SNOWFLAKE
490,DINOSAUR
491,WADERS
492,TAG
493,SPRINKLES
494,GARDEN
495,CLOTHESLINE
496,FACTORY
497,PEW
498,HERBS
499,CARWASH
500,LUNGS
501,HONEY
502,CIRCUS
503,MUSEUM
504,ROULETTE
505,CASKET
506,GOLD
507,REINDEER
508,ABACUS
509,COMPUTER
510,OVEN
511,DAM
512,TEA
513,SCHOOL
514,PUNCHBOWL
515,KEYBOARD
516,SUNGLASSES
517,COFFEETABLE
518,SOMBRERO
519,KAYAK
520,BRAIN
521,CROSSWALK
522,JEANS
523,TICKET
524,MEATBALLS
525,PALETTE
526,HEADPHONES
527,BEEHIVE
528,SHELF
529,OREOS
530,PENINSULA
531,BLENDER
532,HEADSET
533,DREAMCATCHER
534,OVERALLS
535,BROCCOLI
536,POCKET
537,CARDS
538,WAVE
539,HOAGIE
540,SALAD
541,CUCUMBER
542,CHESSBOARD
543,CD
544,CELLO
545,CHANDELIER
546,PACIFIER
547,CEMENT
548,CRANE
549,BLINDS
550,PERFUME
551,SEATBELT
552,PICKLES
553,SLINKY
554,CANNOLI
555,BUBBLE
556,GUTTERS
557,PEARLS
558,ALMONDS
559,SAXOPHONE
560,BLUEBERRIES
561,DOORKNOB
562,CAMPER
563,BARRE
564,WINEGLASS
565,DOLLHOUSE
566,GOLFBALL
567,PORCH
568,BAGEL
569,BOOTH
570,SCOOTER
571,POLE
572,BIBLE
573,CEREAL
574,JUICE
575,KETCHUP
576,SYRUP
577,NAPKIN
578,CART
579,CANDY
580,LIBRARY
581,GARGOYLE
582,CAULIFLOWER
583,NEWSPAPER
584,BAR
585,CHEETAH
586,DRAGONFLY
587,CHIPMUNK
588,DIPLOMA
589,QUAIL
590,HUMIDOR
591,FURNACE
592,TIMER
593,MACARONI
594,DETERGENT
595,PRINTER
596,COOKIECUTTER
597,CHECKBOOK
598,JOURNAL
599,HEARSE
600,WINDSOCK
601,HOURGLASS
602,GARLAND
603,DACHSHUND
604,LOCKERS
605,VAN
606,FROSTING
607,VASE
608,BULLHORN
609,DAIQUIRI
610,HURDLER
611,AMP
612,BEER
613,BEAKER
614,BAY
615,BARGE
616,BEADS
617,CHILDREN
618,DOCK
619,DOUGHNUT
620,DOLLAR
621,EASEL
622,FLANNEL
623,JOCKEY
624,GONDOLA
625,GREENHOUSE
626,HOCKEY
627,KETTLEBELL
628,LAVENDER
629,LIGHTER
630,LANCE
631,LASSO
632,LEASH
633,MUD
634,MACAROON
635,MEAT
636,OMELET
637,PADDLE
638,PALLET
639,PUPPET
640,PENTAGON
641,PENNANT
642,PAJAMAS
643,RIBBON
644,ROBIN
645,ROLLERCOASTER
646,RACETRACK
647,SCALPEL
648,SOFTBALL
649,SHACK
650,SHOP
651,SHOT
652,SKETCH
653,SWAMP
654,TUNNEL
655,YOGA
656,WALKWAY
657,WINDOW
658,WHARF
659,ASTRONAUT
660,ARCH
661,CHALK
662,FEDORA
663,FALCON
664,HUT
665,LACE
666,LIGHTS
667,NUTCRACKER
668,PAIL
669,SUGAR
670,SKYDIVER
671,TACK
672,TOWEL
673,TYPEWRITER
674,THIEF
675,TOY
676,WASH
677,APPLESAUCE
678,ACCOUNTANT
679,BEAGLE
680,CHILI
681,CHAPSTICK
682,CATTLE
683,CRAYONS
684,ELEVATOR
685,LABEL
686,LAUNDROMAT
687,MANSION
688,KNEEL
689,USHER
690,ORCHID
691,PUG
692,PADLOCK
693,POMPOM
694,PENNY
695,PUPPY
696,PISTACHIOS
697,PETUNIA
698,RAVEN
699,SIGN
700,SPEAR
701,TAMBOURINE
702,WATER
703,WELDER
704,WICK
705,WHALE
706,BAGPIPES
707,BRAKE
708,CHILD
709,COACH
710,CREEK
711,DRAIN
712,DRUMMER
713,FIST
714,FORKLIFT
715,FLOCK
716,HAYSTACK
717,HAMPER
718,INCUBATOR
719,LEATHER
720,LIFEGUARD
721,MEERKAT
722,MUSSEL
723,PEDAL
724,RECEPTIONIST
725,RIVER
726,RAM
727,RUBY
728,SOUP
729,SALAMANDER
730,SHUTTER
731,SILK
732,STRIPES
733,STEAM
734,STORE
735,TRAFFIC
736,TAXI
737,VIOLET
738,WASTEBASKET
739,AXLE
740,BLACK
741,BAKER
742,BEEF
743,BONNET
744,CAPE
745,CANDELABRA
746,CLASSROOM
747,CARD
748,CUBE
749,DOILY
750,DESKTOP
751,FIDDLE
752,FLOOD
753,FENCING
754,GLUE
755,HEATER
756,HOOP
757,JEEP
758,LAPEL
759,LOCKET
760,LEVEL
761,LAKE
762,MIME
763,MINER
764,MEAL
765,MAKEUP
766,NOODLES
767,PUSH-UP
768,PASTA
769,PEPPERONI
770,PETAL
771,PUDDLE
772,PANTHER
773,PLAID
774,PLANK
775,PALM
776,RADIATOR
777,RECEIPT
778,RAINCOAT
779,SPARKLER
780,SATELLITE
781,TARP
782,THORNS
783,THEATER
784,THRONE
785,TAILPIPE
786,TRACK
787,TWINS
788,GUM
789,BANDANA
790,CABINET
791,CASHIER
792,CELLAR
793,FINGERTIPS
794,FARMHOUSE
795,GRATE
796,IGNITION
797,PEEL
798,RUNNER
799,RED
800,STEEPLE
801,STOVETOP
802,TATTOO
803,WATCHBAND
804,BADGER
805,FLAKES
806,MAGICIAN
807,MOTEL
808,PALACE
809,TREADMILL
810,VEST
811,ACE
812,BREAKFAST
813,CABLE
814,CLAW
815,DENTURES
816,FAN
817,HAM
818,LAMPSHADE
819,LEECH
820,MAT
821,NINJA
822,PITA
823,PAINTING
824,RAFT
825,RICE
826,RUST
827,SMOOTHIE
828,SPARROW
829,WHITE
830,DIVE
831,JESTER
832,GEAR
833,NUGGETS
834,PICNIC
835,PRINCE
836,RACECAR
837,SNORKEL
838,SOUPSPOON
839,WIZARD
840,WALTZ
841,WEDDING
842,GOALIE
843,POKER
844,PRETZEL
845,ANTHILL
846,ATLAS
847,CHIPS
848,CLIFF
849,DRINK
850,HALO
851,HOOD
852,JET
853,PINETREE
854,PASSPORT
855,PLAYGROUND
856,SCROLL
857,SCARECROW
858,SHADOW
859,RAMP
860,COWGIRL
861,MELON
862,TANGERINE
863,AIRPORT
864,BEETS
865,BUCKLE
866,BEACHBALL
867,DART
868,JEWELRY
869,GNOME
870,NUN
871,POODLE
872,SAND
873,TEACUP
874,TRICYCLE
875,WIRE
876,YELLOW
877,BAKERY
878,BLUE
879,BOAR
880,CANAL
881,FOOTREST
882,MARGARITA
883,RIFLE
884,SALMON
885,SINKHOLE
886,SKYLIGHT
887,SLEEP
888,SLEEVE
889,STINGRAY
890,STRETCH
891,SWIMSUIT
892,TUXEDO
893,TUTU
894,TRUFFLES
895,YOGURT
896,WEED
897,WALLPAPER
898,BULLDOZER
899,BASS
900,BARBER
901,BAND
902,BRAID
903,BATON
904,COT
905,DIAMOND
906,DRUMSTICK
907,EARBUDS
908,GLACIER
909,HALLWAY
910,HUG
911,HOTDOG
912,JELLY
913,MARSHMALLOW
914,MURAL
915,PIPES
916,PILLOW
917,SHEET
918,SCOOP
919,SLOPE
920,STUDY
921,SWIMMER
922,TEE
923,UMPIRE
924,WARDROBE
925,BEEKEEPER
926,MIMOSA
927,JAVELIN
928,CHEERLEADER
929,MALLET
930,SALUTE
931,BONFIRE
932,CALENDAR
933,DEFIBRILLATOR
934,BRACES
935,GREYHOUND
936,GRUBS
937,SLOTH
938,OTTER
939,SNAKE
940,FLYSWATTER
941,PIGEON
942,ELK
943,MANATEE
944,BRIDLE
945,VULTURE
946,HORNET
947,GAZELLE
948,CHIMPANZEE
949,BEETLE
950,WARTHOG
951,WOMBAT
952,FROG
953,HYENA
954,EEL
955,PONY
956,CRAWFISH
957,BUFFALO
958,COCKROACH
959,HAMSTER
960,ALBATROSS
961,COCKATIEL
962,PHEASANT
963,FLAMINGO
964,FISH
965,ANTEATER
966,GROUNDHOG
967,OPOSSUM
968,ANTELOPE
969,CHICKADEE
970,TARANTULA
971,JELLYFISH
972,ALLIGATOR
973,LAMB
974,CLAM
975,RAT
976,GOOSE
977,IGUANA
978,CENTAUR
979,PLATYPUS
980,JACKAL
981,SLUG
982,TUSK
983,CALF
984,STOMACH
985,BEAK
986,WRIST
987,MANE
988,CHIN
989,TONGUE
990,HEAD
991,WHISKERS
992,KNEE
993,BONE
994,SNOUT
995,HANDKERCHIEF
996,JAW
997,ELBOW
998,ANKLE
999,HORNS
1000,SHALLOTS
1001,SPINACH
1002,MAYONNAISE
1003,PLUM
1004,CHEESECAKE
1005,MUFFIN
1006,BACON
1007,MILKSHAKE
1008,GRAPEFRUIT
1009,CABBAGE
1010,ZUCCHINI
1011,BEANS
1012,GARLIC
1013,LIME
1014,APRICOT
1015,LENTILS
1016,LASAGNA
1017,JELLYBEANS
1018,TURNIP
1019,EGGPLANT
1020,PEPPER
1021,CALZONE
1022,AVOCADO
1023,PANCAKES
1024,PECAN
1025,CANTALOUPE
1026,CORN
1027,LIQUOR
1028,ROTISSERIE
1029,SHAMPOO
1030,WALL
1031,NIGHTSTAND
1032,BOOKSHELF
1033,TABLECLOTH
1034,CLOSET
1035,CUPBOARD
1036,BIRDHOUSE
1037,RECLINER
1038,BASSINET
1039,HAIRDRYER
1040,SNOWBLOWER
1041,DRIVEWAY
1042,CURIO
1043,DOORWAY
1044,JUKEBOX
1045,DISHWASHER
1046,FOOTSTOOL
1047,CANOPY
1048,CARPET
1049,VAULT
1050,CONDITIONER
1051,WASHCLOTH
1052,HANDRAIL
1053,GRIDDLE
1054,CAMCORDER
1055,MICROWAVE
1056,DUMPSTER
1057,FILM
1058,SPONGE
1059,DRYER
1060,CIGAR
1061,RATTLE
1062,CONTAINER
1063,DOLLY
1064,JAIL
1065,WASHBOARD
1066,SAUCER
1067,NICKEL
1068,BATHROOM
1069,BANNER
1070,PROJECTOR
1071,CLOTHES
1072,RACK
1073,LID
1074,COLANDER
1075,TORCH
1076,BOLT
1077,CIGARETTE
1078,WHISK
1079,PLUNGER
1080,POISON
1081,SYRINGE
1082,WOK
1083,INK
1084,BARRETTE
1085,TEXTBOOK
1086,SCULPTURE
1087,GLASS
1088,TABLE
1089,SOCKET
1090,SPEAKER
1091,GRATER
1092,FABRIC
1093,CORER
1094,STAPLES
1095,LUNCHBOX
1096,PINCUSHION
1097,CLOTH
1098,FLOSS
1099,SPRINKLER
1100,CHARCOAL
1101,DECK
1102,TIARA
1103,BRIDGE
1104,BIRDBATH
1105,TOMB
1106,ESKIMO
1107,OCEAN
1108,WATERSLIDE
1109,CONDUCTOR
1110,SIDEWALK
1111,COLUMN
1112,LEAN-TO
1113,ORGAN
1114,UKULELE
1115,MANDOLIN
1116,SINGER
1117,PIANO
1118,TILLER
1119,CYMBALS
1120,HARMONICA
1121,CHESTNUT
1122,LEAF
1123,SUN
1124,TUMBLEWEED
1125,ASHES
1126,MULCH
1127,TORNADO
1128,MOSS
1129,EARTH
1130,APPLETREE
1131,FOREST
1132,SNOW
1133,PEBBLE
1134,HYDRANGEA
1135,SOOT
1136,TILE
1137,NURSE
1138,SCIENTIST
1139,FAIRY
1140,ARMOR
1141,TEACHER
1142,CHOIR
1143,TABLET
1144,ELF
1145,AMMUNITION
1146,BUFFET
1147,HOLSTER
1148,MASCARA
1149,WEIGHT
1150,MACHETE
1151,BIT
1152,JOINT
1153,SEED
1154,CANVAS
1155,CROWBAR
1156,TOOLBOX
1157,TROWEL
1158,SICKLE
1159,COMPASS
1160,PERISCOPE
1161,BULLET
1162,CELLOPHANE
1163,WHISKEY
1164,GRENADE
1165,HARNESS
1166,CHECKERS
1167,MARBLE
1168,FLAIL
1169,PLAQUE
1170,NUNCHUCKS
1171,FRISBEE
1172,FERRY
1173,CARRIAGE
1174,SURFBOARD
1175,PLANET
1176,WAGON
1177,HOPSCOTCH
1178,WINDSHIELD
1179,BATTLESHIP
1180,DRONE
1181,INNERTUBE
1182,SUBWAY
1183,TRAPEZE
1184,FENDER
1185,SHED
1186,HOSPITAL
1187,LICENSE
1188,CAST
1189,SASH
1190,UNDERWEAR
1191,DIAL
1192,SCARF
1193,ONESIE
1194,BRACELET
1195,CELL
1196,EARMUFFS
1197,LACES
1198,SHIELD
1199,GOGGLES
1200,SUSPENDERS
1201,MONEY
1202,ROBE
1203,BLOUSE
1204,SNEAKER
1205,QUILT
1206,CUFFLINKS
1207,CHAUFFEUR
1208,POINSETTIA
1209,SLEDGEHAMMER
1210,WASABI
1211,GUACAMOLE
1212,KNEEPADS
1213,WETSUIT
1214,CROSSBOW
1215,CENTERPIECE
1216,FONDUE
1217,BARBECUE
1218,BRUSH
1219,TELEPHONE
1220,GUITAR
1221,ANT
1222,CRAB
1223,TIGER
1224,CAR
1225,HAMBURGER
1226,STRAWBERRY
1227,BOOT
1228,ANCHOR
1229,BED
1230,BENCH
1231,CHAIR
1232,CHIMNEY
1233,DESK
1234,DOOR
1235,LAMP
1236,TOILET
1237,BASKET
1238,BOOK
1239,BOWL
1240,BROOM
1241,CAMERA
1242,CAN
1243,CANDLE
1244,CLOCK
1245,COMB
1246,FLASHLIGHT
1247,FORK
1248,KEY
1249,KNIFE
1250,PEN
1251,PENCIL
1252,PIPE
1253,RAKE
1254,RULER
1255,SCALE
1256,SCISSORS
1257,SPOON
1258,CHURCH
1259,CROSS
1260,HOUSE
1261,PYRAMID
1262,TENT
1263,WELL
1264,CANNON
1265,DRUM
1266,HARP
1267,WHISTLE
1268,HAMMER
1269,HOSE
1270,NAIL
1271,ROPE
1272,SAW
1273,MICROSCOPE
1274,STETHOSCOPE
1275,BALL
1276,BALLOON
1277,BELL
1278,BINOCULARS
1279,FOOTBALL
1280,KITE
1281,SADDLE
1282,TOP
1283,BABY
1284,CLOWN
1285,COWBOY
1286,FIREMAN
1287,GHOST
1288,KING
1289,MAN
1290,PIRATE
1291,QUEEN
1292,SAILOR
1293,BAT
1294,BUTTERFLY
1295,CAMEL
1296,CAT
1297,COW
1298,DOG
1299,DRAGON
1300,DUCK
1301,ELEPHANT
1302,GOAT
1303,HORSE
1304,LION
1305,MONKEY
1306,OCTOPUS
1307,OWL
1308,PIG
1309,SEAL
1310,SNAIL
1311,SPIDER
1312,SQUIRREL
1313,TURKEY
1314,ZEBRA
1315,BEARD
1316,EAR
1317,EYE
1318,FOOT
1319,HAIR
1320,HAND
1321,HEART
1322,NOSE
1323,WIG
1324,BUS
1325,HELICOPTER
1326,SKIS
1327,TRACTOR
1328,TRAIN
1329,APPLE
1330,BANANA
1331,BREAD
1332,CAKE
1333,CARROT
1334,CELERY
1335,GRAPES
1336,PEAR
1337,PUMPKIN
1338,SANDWICH
1339,BELT
1340,CANE
1341,CROWN
1342,GLOVE
1343,NECKLACE
1344,RING
1345,SHOE
1346,SOCK
1347,ZIPPER
1348,LETTER
1349,MAP
1350,FLOWER
1351,MOUNTAIN
1352,TREE
1353,VOLCANO
